,Bottom T Mode 1,Mixed Layer Mode 1,Salinity Mode 1,SSH Mode 1,SST Mode 1,Bottom T Mode 2,Mixed Layer Mode 2,Salinity Mode 2,SSH Mode 2,SST Mode 2
1993,-0.0647060410575064,-0.144252053124669,-0.0858594404201619,0.0532421128940892,-0.0256515651509939,-0.0575774899862634,-0.0787920516779668,-0.00968537640905936,-0.13059575722454,-0.0951778279110377
1993.08333333333,-0.0272900042464056,-0.0329377187627548,0.0239053798400738,0.0945028880214398,0.0439117370220953,-0.0127662714040021,-0.086948877695156,-0.0803157003354534,-0.0399851739305853,0.000351851171752904
1993.16666666667,0.0455445329501101,-0.0449119064210354,0.00288592304406213,0.0830245853585329,0.0194894624773077,-0.055830876788279,0.0688962230246597,-0.0618397030418951,0.0599553392586334,-0.0810911169558827
1993.25,0.0481127688369522,-0.0273481263531818,0.00734625320035705,0.044702764410039,-0.0211666620259706,-0.0623150554357568,0.00147763439793579,-0.0630490725772015,0.0931412904728968,-0.0347766662275327
1993.33333333333,0.0612407356940924,-0.0317318573326672,0.0246211387785046,-0.0636589540818142,-0.0238309246026013,-0.0193902499647169,0.0264954894040312,-0.00300420621482095,0.0504693436508912,-0.0163126738040663
1993.41666666667,0.0386838319396981,-0.0595430932996766,-0.00568962652225096,-0.0178200208185723,0.00399488746853543,0.0508181011768337,0.0266146472591055,0.0100959084495368,0.0163140721159215,-0.00432104538293902
1993.5,-0.010149495653785,-0.0440295809120258,-0.0432092951773161,-0.034233011987786,-0.00387396272699542,0.0589965565687699,0.0180186196799186,-0.108001468251911,-0.0661732371418559,-0.00149400803591619
1993.58333333333,0.0348241397715666,-0.0163872802203038,-0.00783227972705299,0.0173367884949172,0.0600029804457726,0.00449688633908556,0.00669346958485434,-0.107605001458437,-0.00781294009728772,0.0188823930898392
1993.66666666667,0.0275271101786421,-0.0949952403264498,-0.102723332702966,-0.0642995776087068,0.0545922791080766,-0.00770073377593851,0.0872021017674443,-0.137732902183399,-0.0461171708425836,0.00301052650542842
1993.75,0.0190909304508611,-0.083164134303655,-0.113874229667654,-0.033676288592405,0.0697515666774096,0.0283822933842964,0.0129987243664702,0.033670546920923,-0.00503099363088378,-0.0250691314569747
1993.83333333333,0.0133023201889733,-0.0912093896678047,-0.0797899985748395,0.0499443360024232,0.0527809073128776,0.00733391001710588,0.0126296209886811,0.0138552198142867,-0.0226166249629348,-0.023107422484486
1993.91666666667,0.0275004561185792,-0.05201828457941,0.0208976480986443,0.0494772608655399,0.0814115018915379,-0.00457138975115511,-0.0133671896943485,0.0330635327523995,0.0177336542584765,-0.0643856615268459
1994,0.0289359762107994,-0.0203813987742669,-0.0179414715651619,0.0628021059075813,0.0754370218899361,-0.0402355725749299,0.0197067418115811,-0.0631561770662617,0.0302726563282705,-0.0595094689398425
1994.08333333333,-0.0380369700233136,-0.0775329724666071,-0.0223381388079533,0.109435687875146,0.0551262848655129,-0.0281603446107704,-0.000309851135201605,-0.0580289923181938,-0.066197363763039,-0.0942198160534233
1994.16666666667,-0.021550633981456,-0.110407820199769,-0.056668457578921,0.105876760651066,0.0468004179206353,-0.0793969450907663,0.0504890678641258,0.0114071023112468,-0.0471006164226863,-0.103813981955505
1994.25,-0.000212645943291062,-0.130587873643132,-0.0699344252589777,0.0368334173835497,0.0135840083425128,-0.0554344695128861,0.0784411629478985,-0.0379839378742618,-0.0571137186072106,-0.042068487716684
1994.33333333333,-0.0308423074848254,-0.0349557364487569,0.0236854809874349,0.163217619425208,0.00502556485089702,0.0999428894206876,-0.0192119798343725,-0.00216518897347323,-0.0173460653383659,0.06575947154994
1994.41666666667,0.0401524435152587,-0.0408516741973351,-0.0104593162182172,-0.0239098449078454,-0.00365367265551145,0.0704015113991586,0.00599936246941057,0.0512878273537539,-0.00459141352119312,0.018300023147685
1994.5,0.184064515470911,0.117073548943881,0.00518086572072938,-0.0401841521525524,0.0063416497549182,0.00128079064333314,0.0647480811750125,0.0260631542691753,0.0774275761382761,0.0307637333723533
1994.58333333333,0.123474575854189,-0.0110396659458698,-0.00251946827958236,-0.00484969875207652,-0.000159225780962002,-0.0140904341859511,0.0587285549966806,-0.00355994672828193,0.0635197091302904,0.0432076796108672
1994.66666666667,0.0611575798233925,-0.00742570452430741,0.0042371196713081,-0.0256056663103505,-0.0313570198514947,-0.0585018221424521,0.0136587500419814,0.0406273572495853,0.0311718165178296,0.0302267207572497
1994.75,0.0128622477480415,0.0316676552757419,0.0319034861233032,0.012878043476042,-0.0179045932283089,0.0278970164699321,0.0591330133350448,-0.0463299669481736,0.0231058428537586,0.0709362797807039
1994.83333333333,-0.0422254976773296,-0.071328888645968,-0.0445868075668185,-0.0171384958334198,-0.00665218374403786,0.0697500451449805,0.0624658677981082,-0.0303501932921008,-0.0925409138385825,0.0462574724485671
1994.91666666667,-0.0866187767702203,-0.0344912633744752,0.00240843259694044,0.00523260126117079,0.0165841859583983,0.0749911437827047,-0.126997238912743,-0.0194098756882202,-0.129451156428678,0.00701205533240016
1995,-0.0602345531105148,-0.0501157102925395,0.0659999099103073,0.0415249010837644,0.0177248450855932,-0.020669327297241,0.00754124201484339,-0.00158204375767021,-0.0773366261957206,-0.0638399370472343
1995.08333333333,0.00174554323103231,-0.0300753279475988,-0.0109629686748126,0.115793285802136,0.0212274918327971,-0.0856116461987035,0.0978389756033086,-0.0784420472642183,0.00993033262943264,-0.0601794521125181
1995.16666666667,-0.0188134336593544,-0.00949798954403644,-0.0552293169190432,-0.0202206087968432,-0.0604541987010096,-0.0488831357853873,-0.0147533454874614,-0.0981405489927831,-0.0227530436022785,-0.0369370965377781
1995.25,-0.0543378805542349,-0.0256734545808397,-0.00577641233495509,0.0138573403239067,0.0209150136722834,0.00801263236424886,-0.0216046584415249,-0.0527041593349947,-0.0783671428971245,0.0382006182700954
1995.33333333333,-0.0303208083411781,-0.0582743959865802,-0.0602685385727199,0.0970263434020155,0.072677907821156,0.0196939005570668,-0.0358317663598737,0.00615205529184415,-0.047936411871999,-0.00315815380039823
1995.41666666667,0.000170243265379734,-0.054593752528274,0.014939024690092,0.00192003429757911,0.0206932581145979,-0.0265796453423719,-0.0121491800750603,-0.0742854724981934,0.0040933684856791,-0.0136425186908598
1995.5,-0.0437199941548797,-0.0334661832603622,-0.00971825663600762,-0.0298999287081508,-0.0490001193585199,-0.112547960196379,-0.0229369940834271,-0.0704441285634102,-0.0466375870189253,-0.00512548011299086
1995.58333333333,-0.0773177542270406,-0.0239855734696652,0.0514113473709373,0.0853666280174835,0.0157889889960279,-0.0152041658179902,-0.0993850583346544,-0.023664381880387,-0.00639525293925186,-0.0601691435741843
1995.66666666667,-0.046316586887547,0.0353562896736752,-0.0279884871056791,0.121851013667268,-0.0272086150047432,0.0480263499313221,-0.0391905489362654,-0.0721626713509911,0.00234987700042313,0.0315782662739399
1995.75,-0.0153988217565556,-0.00606596838690964,-0.0506743580357502,0.015113249057357,-0.0402645901177832,0.0381981911525364,-0.0415850567590009,0.0351410170523468,-0.0355003728958248,0.0471124056922916
1995.83333333333,0.00764459286218762,-0.0169359898510142,-0.0191270999384107,0.0722214755745627,-0.0565584246415149,-0.0213779492741565,-0.0278846261295938,-0.00135252533235576,0.0178323189878631,-0.0174681589602319
1995.91666666667,0.00524515771038704,-0.0109130815808938,0.0197102241373868,0.0264976109858232,-0.0221627071135909,0.00367997461149735,0.0141264641130336,0.00190161970821616,0.00896695027035758,-0.0192472805092703
1996,0.0143136000909465,0.00578232305624413,0.0325099434885822,0.00900561073788204,0.010950817613869,-0.0082474537488957,-0.0467422524638516,0.0632314864020276,0.0173784418675138,-0.0050145192408028
1996.08333333333,0.00908351958923929,-0.039115211895786,0.0310145542090507,0.0206882865074332,0.00170496577515384,-0.100126148596664,0.064345760836375,0.00490621413415516,0.00657488935364224,-0.102792990069633
1996.16666666667,0.0499864831991881,-0.0636775365588814,0.0464420977056031,0.0387736035425023,0.0382727986012504,-0.0380057680060839,0.107874745009641,0.0259248766202513,0.0589670836180797,-0.0683291691189536
1996.25,0.0873567294321677,-0.0103075269833351,-0.0343191104359193,-0.0249608727103908,-0.0143892387667268,0.0475391261193514,0.0795213287637727,0.00723283013112856,0.10582293100708,-0.0553603887467061
1996.33333333333,0.100017940185872,-0.0665531346871791,-0.0782018149976141,-0.0409441160921746,0.03557647714006,-0.0530927940963118,0.0261443219380378,0.0273816882280963,-0.00948051017268606,-0.0282182833157838
1996.41666666667,0.0630402148723499,-0.0702654870061602,-0.0145701096639011,0.0161815413442112,0.0523919641990655,-0.0192636843600108,0.0310939846818184,-0.0132960970797752,0.0178475000376662,-0.00504921803028485
1996.5,0.114387134513391,0.0037628089538335,0.0138107169427638,0.026428627234362,0.0595889042618874,-0.0144475864507933,0.0503363558612359,0.00577861154866995,0.0443437832868668,-0.0256558622577252
1996.58333333333,0.0979300947596469,0.0131134890640536,0.0473982650812483,-0.0365137945490773,0.0315398589761382,-0.072686599638998,0.0105832342821015,0.00841975876876061,0.0349581635519737,0.0295908332315304
1996.66666666667,0.0430319811354398,-0.104509775253428,0.00280544355893584,0.0227223541433199,0.0235675320619911,-0.123190130176846,0.103409980121219,-0.0742070118458325,0.0259179106681726,-0.0421012389638176
1996.75,0.0297835515815221,0.0130379055724295,0.0316156687072875,0.00532465685598877,0.000641883809956083,-0.0928746710336566,0.0236908612370263,-0.101579629061537,0.0475593113391116,0.0319416807822812
1996.83333333333,0.0124516256631734,0.0263229803955406,0.0899911808070966,-0.0173331206029901,0.0339784391926403,-0.0628778662104379,-0.02149909404868,0.0493016590900479,0.0178241202140065,0.00883278560361087
1996.91666666667,0.0240816614560574,0.0041720860700092,0.000605976975543738,-0.0101601867714735,0.0388329890502032,-0.0809347669099687,0.01455640445659,0.0123666950465672,0.0239079839295073,0.00605158163735985
1997,-0.00608049983760671,-0.0818538650166437,-0.0708967226903479,0.0164363372697422,0.0405302623589148,-0.0440203648654435,0.0670746273204854,0.0602918393292109,-0.0486609400687038,-0.0256089011305222
1997.08333333333,-0.0317094319919782,-0.0672180632451146,-0.0865361585211671,-0.00202259041041645,0.00447177670986896,-0.0504356061915057,-0.000463507375137783,-0.0050352331720232,-0.0869040577001519,0.00533507102903625
1997.16666666667,-0.0352464423311384,-0.104405651529156,-0.125693071158936,0.0364051973821401,-0.00173573817854529,-0.0709361997785235,-0.0248164062589058,-0.0158412514240256,-0.114087800624381,-0.0674714003929461
1997.25,-0.0162929252431509,-0.00576832802523339,0.0702616004686687,0.133309982261357,0.0758494393902243,-0.0129796194748114,-0.00457712432708059,0.0364844851511963,-0.0171117157180624,0.0442799168228605
1997.33333333333,0.0363396695633931,-0.019289739736444,0.0219075455858549,0.101669393393008,0.0341039818167406,-0.037358786104156,0.0260248084021908,0.0905803467145705,0.0358018389190015,0.0423648042780065
1997.41666666667,0.00294277199232141,0.0605231391554926,0.00954308451873093,0.0983223984817424,0.0415137781118923,0.00458562618389799,-0.0345580397962464,-0.0678505709462581,0.0669123542079129,0.0540047106299623
1997.5,-0.0501577089217703,-0.0256099807283391,-0.0313828311940716,-0.00146351602975186,0.00335390642284833,-0.0282032081388985,0.00591678534445474,-0.0981624627799486,-0.0124754792203585,0.0199954243615659
1997.58333333333,-0.0723030373711557,-0.0551922347391601,-0.0125100828650768,0.0746295952411234,0.00878430420333965,0.0320056145012137,0.010762389473754,-0.0495514315841441,-0.0101018117746065,0.0375213459082744
1997.66666666667,-0.0192925183617437,-0.0311324648044367,-0.0694451635060071,-0.01655153711391,0.00686165275979552,-0.000836253239141044,0.0269656651738743,-0.0414512696899697,-0.0181700461158277,0.0237813979972227
1997.75,0.0151185094259802,-0.0645451113033609,-0.0438942994684957,-0.0167953732090766,0.0315856588111788,-0.0186684754467903,0.134610753554251,-0.0783759106825318,-0.00355954036478314,-0.037408259082799
1997.83333333333,0.0464081244110817,-0.0541967490760281,-0.0784191988197513,0.0390836985195236,-0.0277436567172337,-0.0350976147689157,0.143786231377917,0.0261106659584812,0.0480042632640467,-0.011479285274367
1997.91666666667,0.0403501172835639,-0.0702230917212573,-0.0981005000945475,0.0772559546685465,-0.0539731553314382,0.0154998767218143,0.121344516686282,-0.0267808224411019,0.0392340178529922,-0.0499157748017086
1998,0.0236682504484428,-0.0893849390003663,-0.115842856945887,0.00107166575320697,-0.0836053582944802,-0.0526349831396936,0.0686054698517489,-0.0217945268990357,0.0177747854313958,-0.166298811991209
1998.08333333333,-0.000130697363960627,-0.0287574602413921,0.0438152747682827,-0.0126489593974624,-0.147011902921993,-0.0669042843787632,-0.0398239418229763,-0.0300710308026031,0.0337881339245298,-0.108357771705711
1998.16666666667,0.0193844070928232,-0.0747552715444826,-0.0524557088788031,-0.125233539679936,-0.0948263988106788,-0.0884183605321868,0.0759936577073543,-0.0740157781537628,0.0453541740411592,-0.121662928667796
1998.25,0.0479218744063823,-0.0496340047341368,-0.000908638362808718,-0.0918206571470782,-0.0357242487867016,-0.1161546046811,0.0860665036163601,0.0529246501966199,0.0327877115000636,-0.0393195790277841
1998.33333333333,0.0238879047421854,-0.0191085248631335,-0.0461066381860105,-0.082922080149116,-0.0837512840900471,-0.0675689967094589,0.0556350539637567,-0.00816687757506694,-0.0193270879087367,-0.0216200856663237
1998.41666666667,-0.0040167351240069,-0.0680301980525007,-0.057445515549298,-0.0418259351902701,0.00421546284220511,-0.0267998842252567,-0.0162592072835986,0.0125478965549108,-0.0813971101079282,0.0483719820204697
1998.5,0.00242536870112687,-0.134569414556677,-0.0320648343754069,0.0335221461717684,0.0262142028952069,0.0054468886967007,0.0542312444020486,-0.00372235135813445,-0.0454114266075476,-0.00722458100059946
1998.58333333333,-0.069080138217841,-0.087436494033656,0.011248093041134,0.0385136053731532,0.0160526515500414,0.049336913450315,0.00712614807769269,0.0322537013925633,-0.0183222497450386,0.00568908676918309
1998.66666666667,0.11517996344917,-0.0856780693685123,-0.00231742232789387,-0.114428965688691,0.00656373750065768,-0.0398765374413746,0.0787526181133225,0.102430207822575,-0.00473891360944525,-0.032314969599621
1998.75,0.0384694323112243,-0.120022115543258,-0.0101239312547265,-0.064137502961033,0.0154146762139331,0.0195378493805192,0.079173473127222,0.0396567051941844,-0.0102467139507784,-0.0539453130860196
1998.83333333333,0.00225283611048508,-0.139465673506412,-0.0756855776492075,-0.0078332407592852,0.0258695516578574,0.000351610143757618,0.132732373932638,0.0703450025431542,-0.0435117430347669,-0.0602205593367683
1998.91666666667,-0.0521484254100991,-0.155172115498934,-0.0673699786840829,0.0222567617264956,0.0478126564768136,0.00789175553697569,0.0510724310210892,0.0596674288967618,-0.119879507224584,-0.129913582021791
1999,-0.0640535016498614,-0.0695940568858134,-0.00897071537290113,0.0513063725783993,0.0524484649380719,-0.0119015842997078,0.00675195477396733,-0.036925165280121,-0.101453843897368,-0.0641329372736225
1999.08333333333,-0.0761140557784848,-0.0375774463357626,0.0459744576133177,-0.00579998233649643,0.0393583063028613,-0.0587724838334591,-0.0299008049484801,0.00113805911923671,-0.108662884098605,-0.0353786693829319
1999.16666666667,-0.0108752647823615,0.00676974611797234,0.116870587638322,0.104213486300571,0.0963510945750104,-0.0264947243864845,0.00354540185621251,0.0165526968880249,0.00197795461473029,0.0166412046386537
1999.25,-0.0302781452782378,-0.0316539898004053,-0.00236082336075361,0.0903639027409857,0.079272677325052,-0.014229624273323,0.0330464616517384,-0.0288510010506936,-0.0569962522219859,-0.00592136288546457
1999.33333333333,-0.00560347267701343,0.0458101187576362,0.0209445033464635,0.0970848827286959,0.0481757422728649,-0.0291748431187129,-0.0489797424094664,-0.0140288027464001,0.0250981600646763,0.0604468321432048
1999.41666666667,-0.0384924162073174,0.000696999644175701,0.0306926411096544,0.102469302467374,0.0462968641406901,-0.0208076547412355,0.0135408436339042,-0.00313137580200482,0.0285431570314872,0.0416110031077147
1999.5,-0.0494696248884067,-0.0264355904567371,-0.00593025763520075,0.00644766504350529,0.026210418263953,-0.019987404833772,0.0105471005724398,0.00651342468108438,-0.0203628126035698,-0.00100002588888624
1999.58333333333,-0.0633386038236696,-0.038874453133484,-0.00929261681871718,0.0139399444532554,0.0282685164465253,0.0532754937460979,-0.00970084208577692,-0.0842950877755895,-0.0579109160611905,-0.0026474524064156
1999.66666666667,-0.0154948942886838,0.0390896653981951,0.0302764659730666,0.121951773196879,0.0328198359017668,-0.0204259840100938,-0.0419913252859435,-0.0508226524010622,0.0291215305620198,0.0483338578475729
1999.75,0.0142199626140421,0.0334233420756367,-0.0160081117535911,0.045280589989039,-0.00967643700238959,-0.101213890181491,-0.0293925668342711,-0.103903543659605,0.031222457376183,0.0283874753188723
1999.83333333333,0.00486165428860898,-0.0344247898514229,0.000259263615462833,0.0309149506469091,0.0040510715050274,-0.043681793291427,0.0436754933868149,-0.023362133853393,-0.00221009716743893,-0.0368802629020129
1999.91666666667,-0.0288670396625115,0.00820522366286404,0.0412345257619821,0.0518098002293189,0.0340146742190917,-0.00481578033773477,0.00790095572597431,-0.00634268654977089,-0.0262840090886026,-0.0437403102723661
2000,-0.0253386737368722,-0.0159363754059224,0.0645553538295464,0.0329211726956297,0.0709889905455502,-0.0157685126500956,-0.0068522718390916,0.0404008947648501,-0.0367716584801374,-0.0399830058859438
2000.08333333333,-0.0107017759240332,-0.00813788469110043,0.0648581693203079,-0.0300315986863054,0.0216720758742413,-0.0488271781769977,0.0128249159565051,0.0508163128397911,-0.0133393473781747,-0.0123734918550389
2000.16666666667,-0.0411165423597421,-0.0546046913031026,-0.04614842306246,0.0674403356880196,0.0383967173169613,-0.0139675472953464,-0.0150681466904203,-0.00776792752844645,-0.055696478578256,-0.0710010237376252
2000.25,0.0188610732154032,-0.0460656388201241,-0.0353962283848888,0.105470482670896,0.0524939479661933,-0.0211804388159319,0.0169290831513477,0.00474282030454753,0.0170966767849686,-0.0535698677134394
2000.33333333333,0.00355643354848646,0.0160971934920773,-0.00698132838830378,-0.0104378798141292,0.0192622855672367,-0.0494485199509727,-0.00105864461317375,0.0466151987790017,-0.00178264363910454,-0.0381289969802736
2000.41666666667,-0.0459547319803036,0.0144724142234928,0.0111937177595016,0.0389991249947573,0.0579017296911431,0.0115309459936159,0.00020715715605722,-0.0467649598622905,0.0139276029952708,-0.0278320474037451
2000.5,-0.0153530000297896,0.0144638981331291,-0.00995853044503504,0.0277346481563669,0.0398262728060462,0.00126845686574824,-0.0355386945364817,0.023679121724866,0.018848758675817,-0.0299128873615041
2000.58333333333,0.0155860500042538,0.0640142700509128,0.0331811433219015,-0.0240587975965537,0.0385815828254084,-0.0294022738256303,-0.0197337281174217,0.0492719196776276,0.0292625475912014,-0.0140834135795866
2000.66666666667,-0.0133259403261355,0.0595076886265795,0.0101229074984793,0.0561633085741651,0.0183842757786075,-0.00601539214160737,-0.0448297890466489,0.00574795030719894,0.027810363264234,0.00108353395348592
2000.75,0.0241564904618602,0.0899967219731535,0.107237470120572,0.0628461280155516,0.0220181719868795,-0.00435523799721179,-0.00663268713624276,-0.0586163461148507,0.074043521683869,0.0210036219816289
2000.83333333333,-0.007343690111475,0.0620465010655073,0.0665214362828755,0.0311287606469653,0.0402018502344395,0.00739984292516491,0.0357450149141217,-0.0577988106715266,0.0251745459879862,-0.0235707565129185
2000.91666666667,0.0236997638260405,0.0967605219887165,0.106458088872534,-0.000305285842129889,0.0411997002102077,0.00219122119414542,0.00408988476168819,-0.0157226307388205,0.0591745020463769,0.0639485436332874
2001,0.0756242654684415,0.0864027059841663,0.0239552766883982,0.0225932174417838,0.0405956065932414,0.0450295214150024,0.0541060096653428,-0.0228439964861991,0.110202952963757,0.08300221002026
2001.08333333333,0.0254414507071394,-0.0021075535022604,-0.0578505368162227,0.0169955344303379,0.0108589361625793,0.0728758212362299,0.0919399231249322,-0.0065862095836681,0.0163013175409524,-0.0520972893763878
2001.16666666667,0.00708980602564919,0.0340385849468244,0.0346550743860966,0.116866443796439,0.0306834294749065,0.03266629080366,-0.0013527846507123,0.0151244068453369,0.0285712384587082,-0.00710473624815683
2001.25,0.0194084469825765,0.0439561193419038,0.0151266219543857,-0.0831929415393863,-0.0444380434368063,0.0303264178769659,0.0733266175514375,-0.0394136874685791,0.0349459874533266,-0.0220540468936992
2001.33333333333,-0.00239364726253347,0.0653538771143125,0.0366291594587468,-0.0176233906947402,0.00804768213370363,0.0488959427113557,0.00932414757109415,-0.05156552559262,0.0206506322156171,0.0108336195054925
2001.41666666667,0.00393910383661364,-0.0151636674243347,-0.0473613048362672,-0.0180338378546455,0.0614861353119265,0.0200219090677511,0.100529290301962,-0.0473267771914686,0.00573911449207685,-0.00477141926760819
2001.5,-0.0446759933377927,-0.0144028881468272,-0.00321818394549008,0.0459268557349077,0.041118251642223,-0.0245486220224182,-0.0398932545067394,0.0383479891309503,0.0264431675848335,-0.0404589882087419
2001.58333333333,-0.0453701779315601,-0.0153891749675427,-0.0340425548058568,0.0101286825118496,-0.00957437748912243,0.0294254804966352,0.0670420276375963,-0.0373576421881704,0.00622414095990363,-0.0455407024773823
2001.66666666667,0.00229064427795918,0.0170166023729839,-0.0494371655722913,0.0182779482806366,-0.0218981406655154,0.105207218894391,0.017787728173344,-0.0647037125364117,0.0309152792992056,-0.00458753349094981
2001.75,0.0483379571957779,0.0688427762662661,0.0646425611075701,0.0167718290663173,0.0432119756186002,0.0758356059258805,-0.0485660931275413,0.0266349818712829,0.0752295024679759,0.0223947759515584
2001.83333333333,0.00896934761363402,0.031018744853821,0.045401441662314,-0.0532106276265073,0.0471680358226758,0.0335347670047722,-0.0150729453722764,-0.0107081714867731,0.0203732228517433,-0.0354341866406128
2001.91666666667,-0.0773381046895706,-0.0358476770843117,0.0116638458835536,0.0380246212787037,0.0632078065687674,0.0120861227925369,-0.0645485334135669,-0.00960329324445368,-0.0928542151223204,-0.171102758870298
2002,0.0179689613794172,-0.0279765711929214,-0.0822415034043659,0.0597310847681908,0.0843830134101726,0.00381212627445241,0.0517935559920552,0.0358366269174109,0.0117571269653257,-0.0421661514501747
2002.08333333333,-0.000206391950559501,-0.0414346183960153,-0.0136275233728878,0.0131664658031052,0.102051765966664,-0.0140700501201095,0.0119440658405332,0.0068157094257383,-0.00416581638817194,-0.0858666734757064
2002.16666666667,-0.0140549049134354,0.0354313077341058,0.00205989670696786,0.000386656367230674,0.0692116356993524,-0.0192633227015104,0.00791308317697632,0.036940137456434,-0.0367834733670233,0.0467333159271346
2002.25,-0.0720327542670223,0.0170150060039037,-0.0047990852586174,0.0329018752251491,0.0191449963838272,0.0323659266035835,-0.0228746291161351,-0.00876558523342477,-0.113039420848556,0.0415371532257921
2002.33333333333,-0.0295759484666386,-0.0240352797523478,0.0774007461012506,0.0614647526777223,0.0886062811583909,0.0608350520641643,0.0245967503998639,0.0254308937973449,-0.036702275432677,0.0205274351798453
2002.41666666667,-0.0785785601584381,0.0507517297961653,0.036209359779407,0.115333947884488,0.0522564318474152,0.0540816816061988,-0.0227444891827276,0.0585637630135949,0.0149499343413682,0.0161727817470367
2002.5,-0.0644644158145157,0.01849305715313,-0.0235021738342621,-0.00558409533945226,-0.00380246147331537,0.0655426981062063,0.010697393181773,0.0178064576752381,-0.0015856319731492,-0.0159031498985558
2002.58333333333,-0.0931459616420321,0.00250207260506962,0.00846096333747051,0.0951197261242359,0.0147545178311523,0.1029125341404,0.0103388605489925,-0.122773560603387,0.0195419668262417,-0.0360574188559701
2002.66666666667,-0.0255515696756539,-0.0291571599609908,-0.0216175914206622,0.0285594070247215,0.00968328177576198,0.0323515270453569,-0.0106210521929972,0.0609684071121084,-0.00690287121532504,-0.0324890369070841
2002.75,-0.0314355959504078,-0.0492345853799244,-0.0311523259794671,-0.00717694022373139,-0.0277363110208198,0.0470789662505366,-0.0237809854267849,0.0390066437696111,-0.0487859833276268,-0.0786082677307003
2002.83333333333,-0.00817922986527527,-0.0575719880687365,-0.0418158738302585,0.0345864574388645,-0.0280018383499206,0.00413220344129341,0.0923332732688075,0.0605258925476626,-0.0154634425326133,-0.0527178699738816
2002.91666666667,0.0604921376129186,0.0100733811721955,-0.0214241542688901,0.0204172710444626,-0.0449323764013269,-0.00231330737257088,0.0715734480084312,0.00231318838165929,0.0930068205419592,0.000491922681080536
2003,0.0771786936562109,0.0630038655501869,0.0163983402381018,0.000177511442348589,-0.0303695202753969,-0.0426168009102381,0.069414278447447,0.0137962800924972,0.135291396426338,0.00285756994142253
2003.08333333333,0.0718343762597081,0.0264212876549465,-0.0395532617873823,-0.0532970097840101,-0.0390171377268693,0.00883091448373838,0.0496134549809968,0.0062565025228863,0.104104105142356,0.0210415896830959
2003.16666666667,0.0253213346122964,-0.019442232263278,-0.179640421584614,-0.0114186109519376,-0.18218868499933,0.0491454955178583,-0.0248741766482737,0.0755670600218935,-0.0334751070587607,0.0236290085468671
2003.25,-0.0169820330624057,0.0157530871492428,-0.0120363632914163,-0.0942656597293244,-0.154208048665254,-0.0213018995085347,-0.0597060269707237,-0.0208429770944148,-0.00165379131226474,0.0259400062077708
2003.33333333333,-0.00236071685760878,-0.0336140098220743,-0.115135438416265,-0.0584294003272961,-0.127775536606192,-0.0205593482766082,-0.0303949924768568,0.0388950081023186,-0.0407212291569158,-0.0159030411341336
2003.41666666667,0.121140689224659,-0.00272735621943809,-0.0448490693843536,-0.0493834890745554,-0.106999897135393,-0.119650727103112,0.0499742456921109,-0.0546309338919177,0.0159342838770514,-0.00279759018692001
2003.5,0.126226392574858,0.0174322242490747,-0.0257364016421698,-0.0129149188200377,-0.0850724625655272,-0.0498349010535682,0.0913950692719891,-0.0248403318912955,0.0714702145655593,0.0109231960844314
2003.58333333333,0.217388953346449,0.0682201173621827,-0.0410516423208987,-0.0625241145775074,-0.13870967192895,-0.152083125539451,0.113829621924719,0.0433999281677636,0.0824025175598711,0.00116491444417664
2003.66666666667,0.0867968263711383,0.0490644679436997,-0.00193960174508036,-0.0774206089661984,-0.0758869222143252,-0.0134730870681033,-0.0148331404669254,0.0831771745008551,0.0639388478417346,0.0346111642899423
2003.75,0.0302050236619519,0.0155501632857676,-0.0332920090243522,0.0253823272100288,-0.0460193226380997,0.0314113078945731,0.0408812954130613,0.0162060370742066,0.0419080479230628,0.0443484720344159
2003.83333333333,-0.0381937036284141,-0.0536198093758613,-0.0397568339822526,-0.00189391196096014,-0.0479077432721256,-0.00137983025743445,0.0294406914997911,0.0519425084781828,-0.0647363400550647,-0.0511769489612955
2003.91666666667,0.0290959028661042,0.00448229113527968,0.0341450986287039,0.0250337304922669,-0.0194393657841472,-0.0347222458123603,0.0325068673811125,0.0865307562474765,0.0421677346173417,0.0402420019875612
2004,0.00857537807811258,0.0703106291876893,0.046879057828279,-0.0210561714488676,-0.0280102335589459,0.0106483099551795,0.0258814727766128,-0.042522019860453,0.0374233042468558,0.0853786880209954
2004.08333333333,0.0447659783626471,0.0278069089458614,-0.0267801339179522,0.0295880145463602,0.00313698303584712,0.0674381234231799,0.0223152791611914,-0.00261046531181025,0.0474035227098705,0.121543541031239
2004.16666666667,0.0307697979490118,0.0449551696737599,0.080709468355484,-0.117163964099471,-0.0283156623470746,0.0572498627335307,0.0415414105444214,0.0457276074574107,0.0415171393935687,0.040362742798037
2004.25,0.0303137337462977,0.0243309057888776,0.0968169558953509,-0.0141936069665941,0.049870197592332,0.0112713672125743,0.112620186390346,0.0591552398325481,0.0519646548293808,0.0130093785434307
2004.33333333333,0.0090230731965751,-0.0081811902125201,0.0554965442020719,-0.0556543223495763,0.0236211298757538,-0.0665063454206554,0.0677008312469112,0.0787241600286599,-0.007199918075241,-0.0413046829602817
2004.41666666667,0.0381774285026439,0.0174493683995862,-0.0418532212418788,-0.0151023925016949,0.0668192642999925,0.0269607674444319,0.0620480502995156,0.0221989923131062,-0.00123327419863634,-0.0138261736398201
2004.5,0.0304759856716079,0.0638616519518774,-0.0232647086011619,-0.0183529918100665,0.0325070828554485,0.0425625348153205,0.0217934671963787,-0.046128444052098,0.0109436752508001,0.0425859931417764
2004.58333333333,0.011645806522374,-0.0575847236455065,-0.0245676491623453,0.0389420813481351,0.0166546698444499,0.00531954005894386,0.0288885230566725,0.0604070583362808,0.0567823903568419,-0.026957600294604
2004.66666666667,0.0611764467963619,-0.0539244176593268,0.0496971699665717,-0.00481450230447044,-0.0403004893475061,0.0281081952575136,0.055276340225152,0.060146006136002,0.0640677444279755,-0.0525289430623945
2004.75,0.0265998498240752,-0.0172533291514003,-0.0629104904247444,-0.042645514846467,-0.102483831161156,0.0547042225632548,0.0640808679332339,-0.070902430536141,0.0470422466266609,-0.0595353123342568
2004.83333333333,-0.0148682226964834,-0.00666679703583031,0.00329411602225134,-0.0757176526489597,-0.0603780348882713,0.026984982525888,0.0111706138875445,0.00337317621441662,-0.0162786516785248,-0.0450138723216855
2004.91666666667,0.0385163180297551,-0.0235148476007097,-0.0114027143264347,-0.00524814295562887,-0.0363228664540268,-0.0337292585534844,0.0507634754800899,0.0766626703096261,0.0421156805093563,-0.0409204803869294
2005,0.020565738363575,0.0623475527305189,0.0704879505921351,-0.0756800528701125,-0.0422443009848892,0.0252905353983492,-0.0687419143364375,-0.0281018377550004,0.0206039763813354,0.0248361256296338
2005.08333333333,0.0323288045241972,0.112698717165781,0.069969352352801,-0.0588483153983939,0.00422729880109661,0.10846236040055,-0.0451382083682197,-0.126223340233157,0.0465884752051647,0.103546647350919
2005.16666666667,0.0588218161432876,0.0384402775324677,0.047861618032061,0.0157253657464708,0.0356499975865936,0.0439867386513525,0.0443846835305974,0.0566404120229299,0.0938058364129641,0.0288950484229254
2005.25,0.0484167057966624,0.0586667184032433,0.0336926895450937,-0.00949676781606907,-0.0548625248804815,0.0245606054114839,-0.0285500169665094,-0.0118160168934502,0.106692653397612,-0.0286622008352049
2005.33333333333,0.0452227664521382,0.0575855560327677,0.00684261696643451,-0.0211372493861782,-0.047061491487129,0.0468126407238334,0.000790819778397244,-0.0190503564607595,0.0953195346583672,-0.00595561338016628
2005.41666666667,0.0148610155374374,0.0319563039513398,-0.0450812228453706,-0.0339477435801816,-0.0787679626036357,0.0445875797187398,0.00738282423356453,-0.0468944024330763,0.0479671607328611,-0.00314570207874099
2005.5,0.00244227132220231,-0.00411434758662742,-0.0221459920201659,-0.0745525586773435,-0.150701875829618,-0.0198410495813623,0.00133579777802442,0.0762273792926796,-0.0277049618928748,-0.00884309247677103
2005.58333333333,-0.0363163152954586,-0.0501259443751,-0.0345145918217073,-0.0621252875287927,-0.169919565756067,-0.00964239006133469,-0.00729673592757621,0.00187140864363142,-0.0588876144809373,-0.00352471171632396
2005.66666666667,-0.0308132634732178,0.035305830884595,0.0338690951750448,0.0380801480871322,-0.0279519914305749,0.0487287568512761,-0.0131672686800302,-0.0393094605263228,-0.0041256659624317,-0.0354854369174416
2005.75,-0.0218746099802247,-0.00635570957751546,-0.0465711216200045,0.0579815295270207,-0.0371744341359437,0.0648552955680594,-0.0262536535662397,-0.00408477837881061,-0.0219868305978077,-0.0335081796915789
2005.83333333333,0.0178357214336905,-0.0528070684944766,-0.0109552069056633,-0.0475698151373663,-0.0760191549277123,0.0933770938843916,0.0620432113799881,0.00507762930049575,0.0260038572295823,-0.0739215039829905
2005.91666666667,0.0803954611296826,-0.0745398351624917,-0.0183043110154373,0.0253902780504775,-0.0388602548862899,-0.000582878487374646,0.0835865380908731,0.0559751443168126,0.0998496765978284,-0.0573636230808246
2006,0.0384810217365599,-0.00775459191630245,-0.0306330640487474,0.0367477742362821,-0.0499568027023109,-0.0288200680804074,0.0306938877380977,-0.152290249929992,0.0674161597400358,-0.124819139336435
2006.08333333333,0.0308893320769784,0.0069480858589173,0.0356844249327301,-0.0385620218925262,-0.0304140748330842,-0.0367647336259913,0.0359577107550158,0.0358207541947337,0.0726393110575517,-0.0820523281142838
2006.16666666667,0.0201553297413598,0.000141880755958161,0.0423133799789708,-0.043515174172952,-0.0215768653106134,0.029209594950873,0.0122651818287829,0.0117265490633298,0.0572385099591008,-0.016718947211491
2006.25,0.0205959837003186,-0.0280021815586202,-0.0484186125190343,-0.0819202800403757,-0.00919987583870907,0.0304508636865074,-5.95195217698329e-05,0.0545483183268489,0.00890086849185206,-0.0183026293728926
2006.33333333333,-0.000712433683411757,0.0423904672621917,-0.0300525503526878,-0.00869878011847047,0.0171255344829273,0.0176840427296399,-0.0380391871790125,-0.0433577699827377,0.0474878243307926,-0.0244459867331708
2006.41666666667,0.025014619375045,-0.0432388097785789,0.00598170077960402,0.0161713709015265,0.031775672306982,-0.00389607991968111,0.055654613340042,-0.128216124495296,0.0384672709620726,-0.0387726716498275
2006.5,0.0301502486502408,-0.0953279371950696,-0.00768919205729428,-0.00373001198976154,-0.0239879051716388,-0.0349678200574764,0.0889580668207595,-0.0719491707026713,-8.74168333768679e-05,-0.0454477906369824
2006.58333333333,0.056315810835642,-0.00458734994196985,-0.0203340390096499,-0.045976148789458,-0.0116834315303649,0.0779166635781667,0.0660009902080036,-0.0893067253241605,-0.0152995095641262,-0.0259910303332141
2006.66666666667,0.0702377555786999,-0.0138608256455096,-0.0438760477864817,-0.0419717776060963,0.00101169728342103,-0.0470874820979551,-0.00927865814652692,-0.0231418587210668,0.0221117494071288,-0.0127313330647742
2006.75,0.0340575511769248,-0.0294647026174039,-0.021272679705164,-0.0106028215736243,0.0367543139234764,-0.0567861610331156,0.0467002057011861,0.0284028837874025,0.0141453615539222,-0.00766559729336099
2006.83333333333,0.0583570941034178,-0.00891429539581358,-0.0407276530940862,-0.00935658559081007,0.0154618680869624,-0.0634615866563229,0.0279063273672525,0.0344967786476965,0.0587323730121088,0.00736400731199595
2006.91666666667,0.00575639558849351,0.00520998250415869,-0.0225860623058601,-0.0284629230290219,-0.0334544349770353,-0.0830957243235703,0.0312247870379745,-0.0607462127412154,0.000986525193306303,0.0492436659944648
2007,-0.0658100057807034,-0.0330839339188494,0.000687635868211499,0.0172350815880488,0.000356383463727145,-0.0675341926535581,0.0177784242541371,0.00500018258663462,-0.0855361288761135,-0.0250487994776091
2007.08333333333,0.00668563591429094,0.00492061372408722,0.0954422761019661,-0.0189109275105849,0.00809426910646058,-0.0297336540732899,0.0804177330136613,0.0375990445587762,0.0285589106444252,0.0510653762585876
2007.16666666667,-0.00386265611298669,0.0012811117141711,0.0489360685601806,-0.0262965592214469,0.0239959546656912,-0.0854538659375466,0.0427323237038061,0.0236891004240198,-0.0061269491528273,-0.0142202357064488
2007.25,-0.00530361030180652,0.00978757434538144,0.0652111418017189,0.0615693287616027,0.0299400008996787,-0.0199158754684288,0.0256281126557994,-0.0563160722421289,0.0145212965631586,0.00679775541058013
2007.33333333333,-0.0305455009166249,0.0858842305834639,0.139388338794681,0.0497006782442079,0.0365446349757931,0.0360278942116003,-0.0545371965947857,-0.0722149132502849,0.0235544836257353,0.0566073225942699
2007.41666666667,-0.0481372486863915,0.0404523833207121,0.0538906404527401,0.0506015104093981,-0.0246718801102191,0.0594894635360997,-0.0591384077515724,-0.0448030708813887,0.0447688612961184,-0.0223424062368346
2007.5,-0.0297057883586057,-0.0148776483570312,-0.00102960036026303,0.00416676531153068,-0.0212869478078952,0.0512194574899106,-0.0381121585654254,-0.071730554663466,0.00551942599477065,-0.00840182958745561
2007.58333333333,0.0341749271955415,-0.0529979275493752,-0.00203736884138238,-0.050824927444123,0.0127381885083095,0.0425422329891796,0.0247095448639849,0.0721668379912501,-0.0493076174807789,-0.0198478294688877
2007.66666666667,-0.00768411649605121,0.0108498492866234,0.0142010720239704,0.0222453418885216,0.0269549110397035,0.0733147564894545,-0.00753823690835678,0.00199371175760003,-0.0187182802032046,0.0195590787192722
2007.75,-0.0256295199274022,-0.0270384968501426,-0.0116144182735323,-0.00404153841669633,0.0484759853341481,0.0927140731951691,0.00476336884920678,-0.0623814413372888,-0.0411842141836711,-0.0403432269295917
2007.83333333333,0.00632430606421271,0.0167481942499963,0.0104020456516293,0.0297897994845212,0.0576878474608798,0.053160282536393,-0.00480640865904419,-0.0920866171188886,0.015076229143831,-0.00279313037151182
2007.91666666667,0.00251470349501088,-0.0474869627432931,-0.0661420446814797,0.0173819955970523,0.0627955723293693,0.0539189051046228,0.073446217361546,-0.10978422612196,-0.018747483299538,-0.0558815384232693
2008,0.00118060375816556,0.00200541925131131,-0.0368660601258411,-0.0156545243819735,0.0755884512059919,0.058408902139032,0.0248154501587084,0.00448883168328079,-0.00394853318627662,-0.00617213285296543
2008.08333333333,-0.0117472392712565,-0.0726815048834592,-0.0213467554687661,0.014733199430608,0.053691680645286,0.0141311281066464,0.0461744665421136,0.0964091415079965,-0.0301703696019424,-0.0579452339098786
2008.16666666667,0.0199917040069882,-0.110339043154564,-0.011379162904257,0.0460910423301818,0.0354008419682065,-0.0542138537818628,0.0601342372759165,0.0541053984554933,0.0123191574076268,-0.12321217732761
2008.25,0.0190949148976435,-0.00700198264563944,-0.0163283494033122,-0.00586553365116332,0.0103883096643737,-0.00895005487927242,-0.0111890613194901,-0.0123260779650674,0.0151856587573528,-0.0156573703212563
2008.33333333333,0.00164140567255651,-0.000214929246033499,0.0466501121791281,0.0474378838210773,0.0252420942965255,-0.00460906520234663,0.0413516341740294,-0.0529734991377245,0.048936511943291,-0.0339317455249977
2008.41666666667,0.0235308574530406,-0.0589345715023638,-0.00349656297642123,-0.0500959255502126,0.00994243617247342,0.0102285574410578,0.0706312225130608,0.091166550683708,-0.0148119593599586,-0.0164902315447171
2008.5,0.0815149029326003,0.029659623918472,-0.03263222552631,-0.00429283436222506,0.0456914585924796,0.0274932665528231,0.0230575741137246,0.0540013317298686,0.0471261538388586,-0.0323919571085261
2008.58333333333,0.0551776842196747,0.101340473985994,-0.0263512882225404,-0.0154901498930876,0.0248130688005276,0.049214083253057,0.00772268000444496,-0.00210442421713666,0.0703004601903707,0.00935941082787071
2008.66666666667,0.00342437902956713,0.0718213953040649,0.0705321607502868,-0.0177092023371441,-0.00760485915859436,0.0618041104792145,-0.0328693084668628,-0.0139334325511035,0.0292938778310643,-0.038887141376927
2008.75,0.0231487679359242,0.0712829020995177,0.100454984506261,0.0549025311786909,0.026022468063114,0.00867478025521722,-0.0410569152199118,-0.00593116770196305,0.063056423543019,-0.00564503015994771
2008.83333333333,0.0668802983717717,0.062844838797232,0.056541563597346,0.0477490135911344,0.0129119723070997,0.0119575459791913,0.000613643618291366,-0.0308290678571837,0.114178992725477,0.0289117903994871
2008.91666666667,0.0688096221639651,-0.0239764577365127,0.01480988282634,-0.00316801087372489,-0.0229178890678773,-0.0101449143175352,0.0879135699081133,-0.0157529131392869,0.0905142907245503,-0.0621002229007738
2009,0.0512285496442242,-0.0510998847954416,-0.0217380699243123,0.0255328169668478,0.0142721599980314,-0.0198338767101448,0.0825993399482599,0.0388410100053707,0.0648218882578591,-0.114496318629304
2009.08333333333,0.0787239174086796,-0.0133100611581591,0.0281800922643766,-0.00435250703353899,0.0387052449381815,-0.0233765572501786,0.125479264876435,-0.0189101388954304,0.117871156773436,-0.070363930181277
2009.16666666667,0.0591713709338252,0.0327799276032963,0.0760556874625977,-0.0795204317419702,0.00263887377816599,0.00447657214093172,0.0527519663657157,0.0334036286216776,0.0637924724002143,0.0166361612402758
2009.25,0.0433887527705339,-0.00359324526462888,-0.0105053195886937,-0.0354965600917545,-0.0282415725247185,-0.0411208651242259,0.0267148095476487,0.0430454666270711,0.0540985551777081,-0.0638600803204347
2009.33333333333,0.0459963029326681,0.01700754846656,-0.0430935023160496,0.0183542323020782,-0.00225276450151128,-0.0101830607381693,0.015737306816071,-0.0235346833243783,0.0369947448384208,-0.0418239058293302
2009.41666666667,0.0291497773243859,0.0517159989663252,-0.0670868396463514,-0.0555820575299211,-0.0979573709931275,0.0446872279572913,-0.0492613461933685,-0.0531173331789042,-0.0275206614512878,-0.0147766789414197
2009.5,-0.00367157289146809,0.015115505273824,-0.0152550843342863,0.00841680790534943,0.0229224399980916,-0.00527580880649426,-0.0500513232341953,0.00819611622484172,0.0396154721224556,-0.00150876593911256
2009.58333333333,0.128199429215276,0.00473992486818227,-0.0201243799452406,-0.0494736239349655,0.0233916970362961,0.00811794960152941,0.0268525727151739,0.0906963458982819,0.0128277459072853,0.00751993264118027
2009.66666666667,0.00224895042640556,0.0758272350033559,-0.032983699245112,-0.0403447142632917,0.00717520656644451,0.0848524138032335,-0.0888166515329071,-0.0343678455577398,0.0153310353661582,0.0639990526663867
2009.75,-0.00266477139117992,0.00191407066599029,-0.124761974680432,-0.00626680726058321,0.0238890892978754,0.0453992239227667,-0.013907910597564,0.026101406299436,-0.0237896233949559,0.0400582367452464
2009.83333333333,-0.0197224154390124,0.00161019609616707,-0.0252356079456484,-0.00296441598736125,-0.00439692007954548,0.0192839890841941,-0.100596234357389,-0.038545925880979,-0.0286717326486938,-0.00570759631212159
2009.91666666667,-0.0186039033839613,0.0549930665657999,-0.0192936744269915,0.0237644211879034,-0.0438763016405085,0.00620848160529661,-0.050429813487833,-0.0962448787535374,-0.0070151089507028,0.0606981362816987
2010,0.0567791206010936,0.0891450340681337,0.0812382278104225,-0.0171034438723053,-0.0694523112385094,0.0371288054667477,-0.0470817753056456,-0.10094034750154,0.106524506837923,0.0689394954708002
2010.08333333333,0.0724692526884954,0.0683715833340552,0.00604276769216232,-0.0212048654679972,-0.0749786985337746,-0.00565336180947341,0.012052569899972,-0.0965133744103748,0.14220248773746,0.00752118199788181
2010.16666666667,0.0894695686199379,0.0915755114735277,0.0208211422835815,-0.0617745582659267,-0.00722578651100608,-0.0190306481164415,-0.0280649012500949,-0.102965235078906,0.182290144252988,-0.053332952174229
2010.25,0.0503949122768625,0.0123115758631345,-0.0171441491536495,-0.143771671610159,-0.024782036438466,-0.0147937340889113,0.0552627369482244,-0.0420286113730704,0.0801442550222876,-0.114176660847202
2010.33333333333,0.0442801524883014,-0.0281852079133261,-0.0956219529660316,-0.0369990060500825,0.0127845602854309,0.00710400411739176,0.0841245994574416,0.0177718081573064,0.0137319382321997,-0.0658948184973574
2010.41666666667,0.0601049307317391,0.0247986745516414,-0.0555505373592521,-0.0543592355728902,-0.000145610256606256,0.0107004751139475,-0.0025655926496299,0.104919924010699,-0.071425499041576,0.0182815901723566
2010.5,0.0935370899509445,0.00797617276637482,0.0294960185616641,-0.0162323860445908,0.0389439778686913,0.00789826741699156,0.0139863487433828,0.108519377993763,-0.0051890013904275,0.0350186835487101
2010.58333333333,0.067455874552323,0.00146708959627451,-0.0301795073974469,-0.0380325508058347,0.00538174663366382,0.0200274887632274,0.0200764623128088,0.00556778051043146,-0.0296398947312046,0.00696035553650281
2010.66666666667,0.00532515820369416,-0.0320577134383134,0.0242201374146435,-0.0350446523279667,0.0100575633979548,-0.00324730298535848,-0.00225842404678927,0.0738004143713404,-0.0298692147087599,-0.0228081018780022
2010.75,-0.00236426689719545,-0.0105247547190578,0.0474999668419478,0.0480406183433373,-0.000355807416800323,-0.0315405965565812,0.0848906487025089,-0.00970097201507377,0.00537831389862889,-0.0287813549142993
2010.83333333333,0.00585987088169645,0.00234667370748345,0.0188305490813536,-0.00464932411918886,0.00438039166577344,0.0206357861996055,0.0347615880612819,-0.0323672854599799,0.0185402262859633,-0.0362245279402475
2010.91666666667,0.111528902963931,0.0645917047801114,0.102609991737716,-0.0463630627488323,0.0200557881478303,0.0193374849920588,0.0739425610786513,0.02323665131623,0.167122862774736,0.0214059863030285
2011,0.129324031700391,0.077774369406669,-0.0160399917754078,-0.0279916381125213,0.00193774797349726,0.0756170950776311,0.0820664684115859,-0.0105669571434677,0.188137141523196,0.0479442246335443
2011.08333333333,0.0801800387025837,0.0295394346321769,-0.10769274963816,0.0561365263774104,0.00472029605494608,0.0572111182855148,0.0735084596308832,-0.0141705652007945,0.101943796570065,-0.0312543576486992
2011.16666666667,0.0353026507180314,0.00874248039076401,-0.0847098243999653,-0.0102234677876576,0.00688866069328302,0.0326518138626854,0.0111259037830348,0.0112192985359896,0.0453020722702998,-0.037119824555387
2011.25,0.0258861544704311,-0.0489467400684856,-0.155461143760484,-0.00972526749181842,-0.00880875615991829,-0.0569040327706433,0.0158954880947359,0.0875817504345603,-0.00314845977521015,-0.0598261189018905
2011.33333333333,0.0508792796283497,-0.0628237759561998,-0.0834471748784374,-0.0681804699158277,-0.0226323612462889,-0.0650243829972273,0.0146882880439056,-0.00363593932802308,-0.00116479510187924,-0.0513468643123229
2011.41666666667,0.0458549329285656,0.0150693856946893,0.0136312396814814,-0.0594974578541073,0.0099497053150549,-0.012606804665095,0.0196134624278469,0.0183883386314293,-0.021372879266666,-0.0283515408885936
2011.5,0.0178563099478966,0.0434128415248682,0.00653206801152822,0.00991142354028715,0.0518394008043905,0.0360312976109217,-0.0416254908796728,0.0303668261959298,0.0178466254355492,0.0144428709640869
2011.58333333333,0.0118678679979067,0.0921826420253865,-0.0135029170735535,-0.0127579284134892,0.052513489136913,0.0203545501240011,-0.0730925245329784,0.00882334860876672,-0.0194688107712059,0.0341258045430977
2011.66666666667,-0.0175629304996741,-0.00317060423878617,-0.0657411510261986,-0.0418075438019573,0.0487255591210866,-0.0533541340723209,0.0299779503981172,0.0208422152567782,-0.015484826992988,0.0171998544838272
2011.75,0.0303979092953092,0.00758806384677308,-0.0247349192891326,0.0420628975567632,0.0763279522958859,-0.0324335220816042,0.0291425124209328,0.0178391460122119,0.0359671057902577,0.00419889939225804
2011.83333333333,0.048191590358554,0.0166334386532803,0.00288251223387402,0.00937600760420072,0.0659769900530723,-0.0350587466066201,0.0113778864182859,0.0435985230350779,0.0660831070532107,-0.00787540683048043
2011.91666666667,0.0198339248368057,-0.0375282676862953,-0.0661385167678217,0.0310047750610737,0.0792818874291882,-0.040757728577506,0.0204991167013461,0.0259072860943998,-0.00193245843549697,-0.0355563279537521
2012,0.0276878577160488,-0.110077103180512,-0.0588017131696672,0.0998678080954241,0.10935057942173,-0.0449270310774916,0.0357401789071153,0.0866444435521198,0.00678347548186891,-0.128617115214954
2012.08333333333,-0.00905117511972395,-0.0830321799344191,-0.109824646116852,0.0713799390909992,0.117136720320008,-0.0581244459705541,-0.0116325961546069,0.047784037745127,-0.0385894859746991,-0.0922076413035508
2012.16666666667,-0.0128159645292162,-0.101853976847801,-0.0843828210798923,-0.00376898373354713,0.10494578291365,-0.101266469168871,-0.0355040218970189,0.0880301584720358,-0.0876264745840803,-0.0922905742759304
2012.25,-0.0181221665857983,-0.0778217005700427,-0.0287458213016583,0.0762277844857526,0.116741911295637,-0.060698250987367,-0.0446548446851185,0.0723342785377179,-0.0608301450072301,-0.0630703028841444
2012.33333333333,-0.00999827200300447,-0.0478261637449558,-0.0341958587690407,0.0675896098325621,0.108569647944035,-0.00965683294990723,-0.0801893084086375,0.0485201787328886,-0.0245661237525278,-0.0457059681144618
2012.41666666667,-0.052831290726246,0.0197009616813252,0.0633161287408917,0.160277361808984,0.0366063984804241,0.0152936435462897,-0.102215105009539,-0.0801887724932046,0.0501400204007704,-0.00949945152031888
2012.5,0.0582134706360268,-0.0595058018979764,0.022132610106242,-0.000873794548447062,-0.0261523800368891,0.0786214525799253,0.000579597232489666,0.0468280492379079,0.00875746046313086,-0.0372717078815933
2012.58333333333,0.171463944216001,0.012750828482327,0.0248011891210689,-0.0597672604975676,0.0245392018239547,-0.0101253245980903,0.0150190293455868,0.0461535021797119,0.053233513395364,0.0157383835168719
2012.66666666667,0.0818798928722034,-0.0308326700536229,0.0305502732836292,-0.0543091380558418,0.0413278732040982,-0.0309267409466169,0.0763143945587779,-0.0537149949398797,0.037888335573358,-0.0218150767595541
2012.75,0.04180436433965,-0.0968016576079679,-0.000142525282190873,-0.0253982209393393,0.0744586657408124,-0.0364812918605234,0.0430233130091306,0.0890620178549262,0.00314795162790246,-0.0351954973136884
2012.83333333333,0.0644260699693975,0.0586512383798522,0.075286768952226,0.00019258238189932,0.0738224246434992,-0.0252932034747826,-0.037042792953541,-0.000433023332621031,0.0915734728542583,0.0774058243046351
2012.91666666667,0.021666432561892,-0.0134046958292746,-0.0287012211518944,0.00400532437406015,0.0779758252252477,-0.0158165344881476,-0.0172674602147792,-0.0145342200395877,0.00551782724259765,0.00602076058015234
2013,-0.0276756682512063,-0.0135036779235818,-0.0774577018330498,0.0312959446484223,0.083672982471919,-0.032264255236362,0.00615040238365023,-0.0487797907938188,-0.0502145620424106,-0.010754544497392
2013.08333333333,-0.0128805989156157,-0.0398487983531992,0.0171953808949106,0.0383574739244408,0.0630446862253085,-0.0550637693447688,0.0173761626022559,0.0344764978240423,-0.0169277692404991,-0.0359612429010419
2013.16666666667,0.030604844274473,0.0671388037373064,0.127916360413878,0.00931961204760611,0.039456465142302,-0.0229713150983889,-0.0201297526821951,-0.00939060154079573,0.0829634066992939,0.0595895222790745
2013.25,0.0347528450463523,0.0558159876186953,-0.00365874252920285,0.0411919275427709,-0.00458172424979718,0.0215600853517512,-0.0323301556786756,-0.0520011249569953,0.0456426323562509,0.0568474450660156
2013.33333333333,-0.00108287703100243,0.0390463830577866,0.0629884777181194,-0.0625988011322156,-0.0914893086215643,0.0665490097425776,-0.0218403312455535,-0.0387354930889258,0.0428778730041012,0.0699098286770352
2013.41666666667,0.109356653974461,-0.0464929792720052,0.00900065883079662,-0.0326919122081808,-0.0534045576915141,-0.0668682857826123,0.0234476549335914,0.0392310460561181,0.0410417888813131,-0.054197996246051
2013.5,0.129053157940193,0.0300786253267982,0.0706776469795292,-0.0600162224580825,-0.0756677167992209,-0.144362549389126,0.029582251440855,0.0833856416713488,0.088466531856625,-0.0156472682864846
2013.58333333333,-0.000804274748924051,-0.0302410389158573,0.0483769644399139,-0.0404755551282324,-0.117868241138855,-0.0876549634062648,-0.0217389778921483,-0.00636517916451534,0.0222479670227945,-0.00918883133588392
2013.66666666667,-0.00289799320936466,-0.0756232159950219,0.0686771442380666,-0.0235934686230947,-0.0610522297438391,0.013909176461359,0.0435334426451443,0.0488751785931063,-0.00230863983349087,-0.0349565441189849
2013.75,0.00277804451291347,0.0203562117411499,0.0415777810019608,0.0106074895544753,-0.000731860075670448,0.099363561453898,0.0146717667656832,-0.0699285991875422,0.0212073834928096,0.0138323116994281
2013.83333333333,0.0089625812882795,0.0364731717114774,0.0146003398354611,0.00923731860686366,0.0184115561945955,0.094478441427433,0.00894220345136046,-0.124253089949406,0.0146859246182181,0.0575253720840025
2013.91666666667,-0.0104143185863452,-0.00196406345620413,-0.0738765943691868,0.0145258069504005,0.0347398589919233,0.0662215209756802,-0.02142880904224,0.00310689844454371,-0.0176772834582212,0.0272375847885052
2014,-0.0121655374580789,0.0192062706143519,-0.0440471181696491,0.0363656277736921,0.00826060266238346,-0.00455080465197194,-0.0790338648937655,0.0195499411093037,-0.0126786943525021,0.0879528685852168
2014.08333333333,-0.018766362127757,0.0669118408725257,-0.0491023770694561,-0.0141937787732918,-0.0302148809961373,0.0142765247717255,-0.0841013450168934,0.0124671408887693,-0.0115407955258675,0.121769812063733
2014.16666666667,-0.0033007391854855,0.0623380506836512,-0.0222534270622876,0.0995670652824608,-0.00773156564136764,0.0526739041244055,-0.0926944361070698,-0.0283451532445408,0.0234769554440435,0.130348265641436
2014.25,0.00447082060968843,0.066404852849742,-0.0119910344035801,0.0170440690667598,-0.0537811422872892,0.0747558473111568,-0.0533724612673234,-0.0590584156227257,0.0195751141611927,0.0664870222921395
2014.33333333333,-0.0421530326444512,0.0516803082472687,-0.00213357752484506,-0.0969090408816922,-0.0900845611629888,-0.012912244239023,-0.0383888010165739,-0.0633200149447866,-0.0155035199903204,0.0304049774082101
2014.41666666667,-0.0467671891705789,0.0135711227845911,-0.000806464014370293,-0.0569159689183069,-0.0565809937244862,-0.0202769371821485,-0.0176246297102745,0.0351901638366499,-0.00551555237104726,-0.0210302707377354
2014.5,-0.0345789328194209,-0.0106164128577456,-0.00465580961994579,0.00575323221825222,-0.00877726851000973,0.00457703317550332,-0.0404883862965358,-0.0428332078170995,0.00497340109904991,-0.033454239210143
2014.58333333333,-0.0842509020468194,0.0121884755103317,-0.0227336157372922,0.0185208706582657,-0.0105267554744865,-0.0116736269707325,-0.0719397660567631,0.0159244471375844,-0.0173242365570984,0.00253696489134995
2014.66666666667,-0.0680322940203523,-0.00563582056461344,-0.0742742140719228,-0.0479256588491435,-0.00778375664922311,-0.0251696537209263,-0.0584533456067265,0.00442569358341878,-0.0385655372769471,-0.0149331865624451
2014.75,0.00598267440035679,-0.0338152265924873,-0.0531209447357758,0.0290234720574381,0.0121945503877098,-0.00259240456928602,-0.012952118809986,0.0332399070520976,-0.00579201068335134,-0.0149306147975966
2014.83333333333,0.027395984736156,0.0342586848791299,0.0729747930783791,-0.0219735149821311,0.00258428541246375,0.0215249462580465,-0.0388443926191968,0.0829271604209741,0.0451984887821096,0.0393844927152603
2014.91666666667,-0.0070777794839155,0.0539054589275927,0.112822980324598,-0.16789585058703,-0.0464052881565431,0.0177403271815833,-0.0878614771661521,0.015106341244646,0.0213052959803571,0.0571802340905106
2015,-0.06894264298845,0.0600252116408173,0.0535308241616247,-0.0106002926671673,-0.0476920629966277,0.068175534240053,-0.0966054587871944,0.00768002797974796,-0.0660380428356715,0.127859118261099
2015.08333333333,-0.0063193431243987,0.125041285920556,0.0894908191257043,0.0920555479287359,-0.0308970038688254,0.0745839947187038,-0.0656440021783349,-0.122981313508104,0.0450368356541134,0.130839730856721
2015.16666666667,0.00266934093807751,0.088931561228005,-0.122179252224146,0.0449704036981093,-0.122990147398268,0.19564707823708,-0.0547075206008592,-0.0924708432883572,0.0220391387324271,0.0540332523882334
2015.25,-0.0157939212317706,-0.0211575921685964,-0.169117936785311,-0.0463496380955566,-0.114220701323964,0.182753892761417,-0.0468968460600719,0.00240380050374504,-0.0465213347760527,0.0156261545669735
2015.33333333333,-0.0246039493421315,5.58265565261805e-05,-0.0153816496362112,0.0425258116608416,-0.0639742155500618,0.122912579330832,-0.0553607139114798,-0.00845045606631066,-0.0194530303462344,0.0349995778627301
2015.41666666667,0.0157209321896232,-0.026285726177896,-0.00867792859701702,-0.0633619654690851,-0.0450122094354991,0.0359654257425075,0.00374705629314843,0.0484985826577841,-0.0571312865522565,-0.0114751301319093
2015.5,0.0808120686650753,0.0357949603545174,0.00872316231867255,0.00814460816060386,0.0991766214587734,0.0233619471706401,-0.0114155962145909,-0.0614059846356905,0.00861104306984608,0.0531909025204984
2015.58333333333,-0.036079383499067,-0.0215092468811082,-0.0352663255297551,0.0363565793340466,0.0665934947496984,0.0232243771805373,-0.0212228967648201,0.00815176856180883,0.00145796141581402,0.00278863691764223
2015.66666666667,-0.00121243162265913,-0.024636604536755,-0.0472213863915293,-0.0118335016103568,0.0593741143602143,0.0558386595421483,-0.0289903331050101,0.0992815990145761,-0.0174159652731723,0.0283523843165178
2015.75,-0.00991380504513057,0.0403824599418766,-0.0291420977572692,0.00176326236064656,-0.0334632166816727,-0.0536986022677932,-0.0888439839747006,-0.018290555736222,0.0141109601446147,0.0368689665733089
2015.83333333333,-0.0650856916475509,-0.0220323023729221,-0.0412482169362604,0.00375704127199835,-0.0770928587040753,-0.0534528033017952,-0.0772738068350768,0.015475545329605,-0.0775481404590252,-0.0357174801085405
2015.91666666667,-0.0960038680978222,-0.0261235701251319,-0.0720910331445662,-0.000617331370388022,-0.10933540126752,0.0220829445879474,-0.119804333323789,0.0304958369549725,-0.123718357705849,-0.0399452939649624
2016,-0.0689708702570375,-0.0404772893266582,-0.00392474733594926,0.0117582981952895,-0.0942299231644631,0.0299900415398381,-0.0752258281944943,0.0472159924630487,-0.0860173022420304,0.0515677321311229
2016.08333333333,-0.0128618009946996,0.00891375073495682,0.107569451892089,-0.0384115451406306,-0.0785664698754855,-0.0129448597466749,-0.0884569314500492,0.121493903476523,-0.01211729112406,0.0757901806857067
2016.16666666667,-0.0543385908155865,-0.0332520147912675,0.00290189666281121,-0.110187452911784,-0.0721399041796647,-0.035287751467684,-0.0141951210613766,0.0526601667640876,-0.0653855888714879,-0.00721534436275102
2016.25,-0.0320915108263305,-0.00797969026492098,0.0339573771153893,0.102392299047166,-0.0119063670450714,0.0686608540629436,-0.0703000856941622,-0.0288276345812249,-0.0326658772555413,0.0202413517667618
2016.33333333333,-0.0297196110156713,-0.0186314291762935,0.0367233478632193,-0.114203455854917,-0.0285750857484847,0.0833360905408749,-0.0500091014303352,0.0819149364294469,-0.0271903440332135,0.0194262030715945
2016.41666666667,-0.0845941906552003,0.0187909256528832,0.0514622843632775,0.0366523206991521,-0.0137618775961348,0.0662360024238337,-0.0719752457769492,-0.00859180069426871,-0.0451085136612094,0.0236510653007595
2016.5,-0.0626693613005504,-0.0547376138255456,0.0343637607054585,-0.0169656206413341,-0.00697986675542961,0.0335489513057395,0.00731362147697746,-0.00622749539146081,-0.0810545833950564,0.00557938165271902
2016.58333333333,-0.0369139374009758,-0.0317804551877306,0.0859940749099067,0.00319239434222038,0.0459685848486626,0.00012718533248481,0.00491867699556118,0.0674447107182329,-0.0438197589490414,-0.0115728050914738
2016.66666666667,-0.0264088969538051,-0.044361583393448,-0.0184468425968443,0.0320071825875416,0.0169334014683339,-0.062946804203872,0.0145686853731233,0.0284155755086282,-0.0249918973786824,-0.0321481668727424
2016.75,-0.0296011909935473,0.0316471031969468,0.059150957672574,-0.0509111371444829,-0.0161962631247221,-0.164302937034139,-0.112362999644582,0.0279715376164135,-0.0185532501147774,0.0165864030889196
2016.83333333333,-0.0334743732939758,0.0395035101207832,0.101234966606616,-0.0119746277523725,0.0163148731137715,-0.0180765887913754,-0.0958184401951119,0.0656292440271001,-0.0323705047039942,0.0282372868175452
2016.91666666667,-0.0409033858268344,0.0260127308320937,0.0107391510660573,0.0153882149600064,0.0133606088535822,0.0389788932691292,-0.0636352324347321,0.0756764106660332,-0.0542488858641533,0.0474483824872238
2017,-0.0618767566647844,-0.0112996004983122,0.0558197572795782,-0.099808682219471,-0.008178932408724,0.0205659722072481,-0.0537872733978998,0.125205500418719,-0.0977495982547533,0.0379537753925231
2017.08333333333,-0.0633932192292567,-0.0542790012038879,6.63179035606021e-05,-0.025089676487592,0.00872248440838676,-0.027916182744814,-0.0100094379799454,0.0647843318346323,-0.10114634725645,-0.0565763706185258
2017.16666666667,-0.0518051744113316,-0.0134443070828912,0.130425420678378,-0.0647015753382958,0.0138985551445303,0.0800202875177854,0.0309725092020883,0.035940937112893,-0.0674201971024534,0.043957381723892
2017.25,-0.0842428533693938,0.00420432717191317,0.0807819298963682,-0.104643633995511,0.0127797990619352,-0.0665665431274872,-0.100550938938239,0.0480598941236006,-0.104870034405384,-0.000659535801839742
2017.33333333333,-0.0187974862993541,-0.0734272497770269,-0.00520870881519932,-0.0063415331524758,0.0541290518881079,-0.0862445626249639,0.0464136719696554,0.0301769341108112,-0.0570330211484044,-0.0670732240857998
2017.41666666667,-0.0293187886961992,0.0185303688657858,-0.00437308241547625,0.00421795252891749,0.0377139678582138,-0.0231707629383805,-0.0138967203752206,0.00348507587447183,0.0119484886481413,-0.00996405780057567
2017.5,-0.0451748362212286,0.0294062933790156,0.00310927595491058,0.00515475787153358,0.00085068711349983,0.0434284450359627,-0.0190527935125462,0.0214187273556273,-0.0126008016556785,0.0227956970602505
2017.58333333333,-0.0581996220143501,-0.0223605182264508,-0.000359944641538655,0.023442620422347,0.0285372327206926,0.0208924674284147,-0.0514672360944953,0.0122146597246791,-0.00763952170324133,-0.00916462671460707
2017.66666666667,-0.0354719555959132,0.0577632991175064,0.0295352984023065,0.060955168645103,0.0148011703791967,0.0653211132339611,-0.0599929460470926,-0.0652683568478207,-0.00072338737111942,0.0143260578284464
2017.75,-0.0302091314323024,0.0159842675278666,0.0250787130036726,-0.00501809103920482,0.0198943285433669,0.0970136041631227,-0.0671948683689109,0.0196583211040407,-0.0219222781710793,0.00243910589041776
2017.83333333333,-0.00867629343938701,-0.0163097001314522,0.0245722301080354,-0.053752225861913,0.0155161991699478,0.0523613835960654,-0.0392968529578354,0.0590489933289909,-0.0200875475430752,0.0193718667647492
2017.91666666667,-0.018129150049866,0.00519364719587822,-0.0332190775149286,-0.024830506827624,-0.0166700654006115,0.106644311738943,-0.0211271190603882,0.00431152318454114,-0.00887763692913979,0.0526029764219728
2018,0.0618549610066839,0.095767673038762,0.0265573362243147,-0.100379667428438,-0.00197634131776116,0.147150327256333,0.0146035390372035,-0.0271522277163746,0.0788907667849403,0.169788609012383
2018.08333333333,-0.0316227298998712,-0.0156665527397733,-0.0630901107416233,-0.147519418145053,0.0109942333753001,0.166980002664068,-0.0319871809026053,0.0112270343479356,-0.0739788503587589,-0.0275617838459883
2018.16666666667,-0.0200440145560325,0.0486761393716571,0.102364645998148,0.017871889194261,0.170003974182875,0.0193143866216706,-0.0801678741414008,-0.0347679867180621,-0.0167090305013045,0.0529189819750168
2018.25,0.0336525691847183,0.0483045348130056,0.0249959808057759,0.0829429284559549,0.128009005713779,0.00697779910314303,-0.000110040566086288,0.00605562700160032,0.0410291376185852,0.0908545469212571
2018.33333333333,0.0144927729958757,-0.0339943620916925,-0.0345074261876145,0.0136548130792745,0.0143685439411577,-0.0485964903196994,0.0415768148091259,-0.0227905429933223,-0.0103083986275529,0.000597095038682383
2018.41666666667,0.012529417232201,-0.0635288181517891,-0.0554339513827143,-0.0640544484235745,-0.0558758516716959,-0.0617221931109851,0.0217285254567878,-0.0155865952618527,-0.0545755272502602,-0.0316106711032418
2018.5,-0.0424321802497658,-0.0577343882784976,-0.00675748192573057,0.0696968448022423,0.00877962267523425,0.0281410773005417,-0.0607307164557421,0.0447318507799375,-0.0347686613744914,-0.0119401354126376
2018.58333333333,0.0226587158175383,0.0141575909758756,0.00962488609806753,-0.0253378619950805,-0.0129501953032476,-0.0333005372370764,0.010841867085744,-0.00358270299258436,-0.000764627584073728,0.0132655486930911
2018.66666666667,-0.0394832214092417,-0.0582555592642284,0.0111152343620104,-0.0693643227888998,-0.0669486210861829,-0.0835826155806306,-0.00285219195065755,0.0632521170264661,-0.0578425742177479,-0.0335483831702338
2018.75,-0.0573518943710714,-0.0995432015389341,0.0447072297118394,-0.0822204898564184,-0.0881266376331715,-0.112935953362033,0.0148858247625759,0.0417248839661472,-0.0836150373572629,-0.071253664834512
2018.83333333333,-0.0361072443423711,0.00116853620944444,-0.0261807556752086,-0.0382382968711494,-0.0679712312624936,-0.066518890198666,-0.0875530278413466,0.0447778066703913,-0.0487984363751154,0.0345462786942766
2018.91666666667,-0.0105973439928197,0.031557893104889,-0.020200489007753,-0.0318757612874801,-0.120129460744784,-0.0567781171406226,-0.0581014543780984,-0.0429918447829746,0.00916866028369927,0.0872984903983588
2019,-0.00381397195643692,-0.0285557289449929,0.00817789544877265,-0.11151445197376,-0.128670411122156,-0.0638761514501513,-0.0488852999966659,0.0904086961044118,-0.0036834983005965,0.00907786601196573
2019.08333333333,-0.0421564279949674,0.0286018595849594,-0.0104844414036078,-0.0923866449040697,-0.0876939993453215,0.092131786201995,-0.108569843338213,0.0395266025529524,-0.0643596580795001,0.0933646419490559
2019.16666666667,-0.075994340922235,0.0519410244761951,-0.00261280083242078,0.00470214904712263,-0.0429237546556458,0.0555829953374616,-0.166835727872086,-0.0580116391068704,-0.0670079373289004,0.0998605847166452
2019.25,-0.051471254680777,0.0480760659677402,0.0259799574335839,-0.0685309081898242,-0.0363651781665864,0.057451672340686,-0.0658253471538546,0.00964698592812493,-0.0422182122501788,0.05477919047361
2019.33333333333,-0.0813847522834459,0.00344364446377487,-0.0622093699645117,-0.0423127361754554,-0.0250322104783135,-0.0485386539391402,-0.0552536082680934,-0.0724686145762636,-0.0843510550749478,-0.0416097730081421
2019.41666666667,-0.0300286839003139,-0.0233914016082633,-0.00960621873149583,0.00239091967986287,0.071075177175207,-0.0163321379147694,-0.0580685076189463,0.0465375910906872,-0.0479941410800104,-0.0024638351166541
2019.5,-0.102119495257731,0.052858138015252,0.0114710905450553,0.0274290618971412,0.0217356970562841,0.0618342012169302,-0.0899330978993882,-0.00259595851913838,-0.0395869524857564,0.0342866553454482
2019.58333333333,-0.12219061120991,0.0484426413272858,-0.00737051610373704,0.0455170927691498,0.0242354260180839,0.0498923382171473,-0.11323060061862,0.0316753061351514,-0.039466035651902,0.026688328822179
2019.66666666667,-0.0635041842768208,0.0592987696840087,0.102482945480648,0.0454601019931029,0.0148571558530259,0.00656019969211361,-0.10860162567295,0.0402893417077587,-0.0234590505584684,-0.00289666863380476
2019.75,-0.0439499765279694,0.0417281137268686,0.0599009119863617,0.0463128917346872,0.056177966055379,0.0140721997661274,-0.0999006506163948,-0.0462952777370885,-0.050183368768619,-0.0236024872818398
2019.83333333333,-0.0211600338771226,0.0694027699715716,-0.0462215849621867,-0.000517326076651733,0.0603682209171874,-0.0251041819944938,-0.139080468038075,-0.0718384592976356,-0.0218343092155248,0.065220918795869
2019.91666666667,-0.00358481726634678,0.0763104434458594,-0.024047255806902,-0.0196356244925465,0.0555034147893931,-0.0254737849744372,-0.0436215355337155,-0.0252449857347504,-0.0144661301025016,0.0885162895558416
2020,-0.0620261360290686,0.0572724957835579,0.0466170689133742,-0.0530223376049335,-0.0104766291125354,0.0263781566729814,-0.0174812327731419,-0.084615784601988,-0.0758240234317251,0.0806294850035065
2020.08333333333,-0.0562590140637286,0.0300701362391814,-0.0418672557840446,-0.0283949261158174,-0.00790341025833239,-0.00747859982893738,-0.0441711475272337,0.0333155552601022,-0.109001088427608,0.156930629408839
2020.16666666667,-0.0843362201503565,0.0397336807921756,-0.0600405713610768,-0.0742249056987175,-0.0765321803736248,0.0307401231636296,0.0143280707110046,-0.0125852732412156,-0.140192852053803,0.127880195484253
2020.25,-0.0760179314641998,0.0312386089523392,0.0770607419615966,0.0325806399834222,0.0495279195723346,-0.0318079542287308,-0.0308670863987935,0.0410723428420777,-0.0799366070846475,0.0575178716096085
2020.33333333333,-0.03873243127695,0.0506319530216828,0.0821158961644381,0.001856568598597,0.0109424835650837,-0.0273139356733427,0.0100585891083672,0.0446532576233549,-0.00883302043895078,0.0522163033600711
2020.41666666667,-0.123315420410212,0.112730370907357,0.0871257400426399,0.0151358890908289,-0.0698605392123515,-0.10464051248637,-0.0612329210752762,0.102167424088361,-0.00506346437070012,0.0758832988316853
2020.5,-0.212548817522425,0.0204563173312601,0.0406154158434313,-0.0179231152498145,-0.0740513364698765,-0.0822108922001484,-0.0679676307978135,0.0567589648436563,-0.0877561437313996,0.0440789637832959
2020.58333333333,-0.139802592855928,0.0345733567363783,0.00967047785854607,0.0249684883553939,-0.0417199195599201,-0.0666677075433869,0.00606788588716068,-0.0851081422893891,-0.044478693237459,0.00263297373517756
2020.66666666667,-0.0705616646071277,0.0917912519699242,0.0815947817353706,0.0436704759517589,0.0238666872696886,-0.0355524438104334,-0.0273780139094125,0.0227426783353946,-0.0447679417476599,0.0551887676291943
2020.75,-0.05926931256419,0.131488734123333,0.0881925418914143,-0.0917806300891904,-0.028004398372572,-0.0343845906360061,-0.0647212316533081,0.115227979881827,-0.0595456567299307,0.0994261449435178
2020.83333333333,-0.0793249901604991,0.0493378548933794,0.0587751944988397,0.00588075877494554,-0.0447724125922732,-0.0539512970237185,-0.0396806412302062,0.0167535245321905,-0.091355620327146,-0.0340435687177516
2020.91666666667,-0.0494063270955406,0.0986002971765508,0.13200488394089,-0.0289054290884622,-0.0223081005164462,-0.0282706092158822,-0.0420466886873362,-0.0298512309454682,-0.0321741917672261,0.068658312317408
2021,-0.0416721510809849,0.106303229885384,0.0778465984998011,-0.0768041814970749,-0.0659835373048359,0.0072831416897474,-0.046093819826687,0.0123647477923479,-0.0167693698480649,0.0938518427645762
2021.08333333333,-0.00490061144498047,0.107466851089284,0.00184833920955522,-0.0811580822539657,-0.0861596590627723,0.0458084036133063,-0.0946310669311251,0.0350515688024322,0.00414302390511327,0.116088789068026
2021.16666666667,-0.0461280644943408,0.0876771830084273,0.0201739911396816,-0.0429847640322279,-0.0534437750338917,0.0760556402724385,-0.0517842502364627,0.00148240428660648,-0.0592050737155944,0.160035843446047
2021.25,-0.0594486525645711,0.0856767112121998,0.0956709460549731,-0.0571547432843075,-0.0418411062837016,0.00766593217159841,-0.011461282611687,-0.0113041156731539,-0.027076711434268,0.0851668873192792
2021.33333333333,-0.0577511895146485,0.0858598796911826,0.0771516218251946,0.0254686270108738,-0.00834385992068325,0.0463850661753885,0.0384322466653354,-0.0373535817397463,-0.0120234353733365,0.0783403464779274
2021.41666666667,-0.062334608180215,0.0818373876230538,0.0853547506358187,-0.022091439134778,0.00205928975035574,-0.00297360857962591,0.0294764518064828,0.0404052020950884,0.0191463037270189,0.040084201641127
2021.5,-0.140267699554939,0.0755821207841539,0.0520382276401327,0.0584857147715458,0.00425370903495993,-0.0350255198215325,0.0252487626910938,-0.0405814657292207,0.0110014079420292,0.00802026746948999
2021.58333333333,-0.113050562023651,0.0497991086425254,0.0144233837231793,0.00223260246026947,-0.0260288174336831,-0.0865506503755295,-0.00739417257627834,0.0608317437536564,-0.0261195925795083,0.00707297266969956
2021.66666666667,-0.0766622264386825,0.0925650837625391,-0.00590514403566963,0.0750806142159697,-0.0495652896778266,-0.012135360267674,0.0442152034106027,-0.0861994591317936,-0.02571638445145,0.0429810981102906
2021.75,-0.0673503700992384,0.0289385022527003,-0.0286718357224817,-0.033620159831131,-0.108681550150615,-0.00286985728565791,0.0245050925579054,0.0867766036397701,-0.0674285561504239,0.0359571570323168
2021.83333333333,-0.0257626321664239,0.117116107489076,-0.0718179861531682,0.000260981266254659,-0.0499920255715671,-0.0109344783181368,0.0148256898864886,-0.129314026405911,-0.00125703846790422,0.140294441691905
2021.91666666667,-0.059793717327334,0.067135485617196,0.0327868967158861,-0.0799983128589595,-0.0359888023994075,-0.0254659238325861,-0.00831035246307228,-0.0333121626437376,-0.073446058446429,0.0860159302219373
